code,chapter,chunks,unique_bodies,mean_tokens,median_tokens,changed_inputs,chunk_share_pct,duplicate_excess,duplicate_excess_pct,source_units
C01,취급설명서에 대하여,26,17,376.15384615384613,437.0,1,1.3874066168623265,9,34.61538461538461,9
C02,전기차 시작하기,167,146,406.52095808383234,443.0,0,8.911419423692637,21,12.574850299401197,38
C03,차량 살펴보기,46,33,329.2391304347826,403.0,0,2.454642475987193,13,28.26086956521739,23
C04,안전 및 주의 사항,89,40,401.7303370786517,444.0,1,4.749199573105656,49,55.0561797752809,32
C05,시트 및 안전 장치,153,141,399.0261437908497,445.0,0,8.164354322305229,12,7.8431372549019605,40
C06,클러스터,86,74,403.3837209302326,447.0,0,4.5891141942369265,12,13.953488372093023,20
C07,편의 장치,411,326,384.985401459854,443.0,0,21.93169690501601,85,20.68126520681265,137
C08,시동 및 주행,228,179,403.55263157894734,444.0,0,12.16648879402348,49,21.49122807017544,52
C09,운전자 보조,394,363,403.1700507614213,444.0,19,21.024546424759873,31,7.868020304568528,87
C10,비상시 응급조치,84,71,408.2142857142857,445.0,1,4.482390608324439,13,15.476190476190476,20
C11,차량의 유지보수,190,152,392.2421052631579,445.0,0,10.138740661686233,38,20.0,48
