code,chapter,rank,term,mean_tfidf,unique_bodies_in_chapter
C01,취급설명서에 대하여,1,사용하기,0.08457532258594982,17
C01,취급설명서에 대하여,2,관리,0.06926823130119246,17
C01,취급설명서에 대하여,3,점검,0.06621692065594377,17
C01,취급설명서에 대하여,4,주의,0.065940561457446,17
C01,취급설명서에 대하여,5,교체하기,0.05634918430272742,17
C01,취급설명서에 대하여,6,명칭,0.05522547575003398,17
C01,취급설명서에 대하여,7,정보,0.052760559952539136,17
C01,취급설명서에 대하여,8,보조,0.050768655272013345,17
C01,취급설명서에 대하여,9,한국교통안전공단,0.05012499343635014,17
C01,취급설명서에 대하여,10,사항,0.04894922272730176,17
C02,전기차 시작하기,1,충전,0.10814231864323921,146
C02,전기차 시작하기,2,전기차,0.07291815398472275,146
C02,전기차 시작하기,3,전기,0.061116924633452974,146
C02,전기차 시작하기,4,시작하기,0.05817313511696389,146
C02,전기차 시작하기,5,커넥터,0.050369408441243026,146
C02,전기차 시작하기,6,배터리,0.04902057644463593,146
C02,전기차 시작하기,7,사용,0.047051006904028046,146
C02,전기차 시작하기,8,v2l,0.0463080917214315,146
C02,전기차 시작하기,9,고전압,0.04386239129511274,146
C02,전기차 시작하기,10,완속,0.04145842162179953,146
C03,차량 살펴보기,1,살펴보기,0.15247369033845892,33
C03,차량 살펴보기,2,램프,0.07175548316291086,33
C03,차량 살펴보기,3,버튼,0.07149706075343853,33
C03,차량 살펴보기,4,차량,0.058382513717955484,33
C03,차량 살펴보기,5,광각,0.05772132411426894,33
C03,차량 살펴보기,6,와이퍼,0.05684430023278688,33
C03,차량 살펴보기,7,제동등,0.05617861873991617,33
C03,차량 살펴보기,8,타이어,0.052302187290911906,33
C03,차량 살펴보기,9,번호판등,0.05083543113804336,33
C03,차량 살펴보기,10,리어,0.048604109495813126,33
C04,안전 및 주의 사항,1,주의,0.060611045671018396,40
C04,안전 및 주의 사항,2,사항,0.0570628303573889,40
C04,안전 및 주의 사항,3,발생할,0.04869179814520799,40
C04,안전 및 주의 사항,4,마십시오,0.047146775352599195,40
C04,안전 및 주의 사항,5,발생하는,0.041971895221189964,40
C04,안전 및 주의 사항,6,차량,0.039692475272151875,40
C04,안전 및 주의 사항,7,차량에,0.037924234849355774,40
C04,안전 및 주의 사항,8,금지,0.03745067039139993,40
C04,안전 및 주의 사항,9,확인하십시오,0.03281343934247492,40
C04,안전 및 주의 사항,10,심각한,0.03266924626211519,40
C05,시트 및 안전 장치,1,에어백,0.08243416857239624,141
C05,시트 및 안전 장치,2,시트,0.07894584867507985,141
C05,시트 및 안전 장치,3,좌석,0.050880970433843487,141
C05,시트 및 안전 장치,4,안전벨트를,0.04800319446747941,141
C05,시트 및 안전 장치,5,안전,0.0477918226724819,141
C05,시트 및 안전 장치,6,에어백이,0.04343990694816533,141
C05,시트 및 안전 장치,7,충돌,0.04318526304949634,141
C05,시트 및 안전 장치,8,안전벨트,0.04207283436403705,141
C05,시트 및 안전 장치,9,장치,0.04100523502531532,141
C05,시트 및 안전 장치,10,어린이,0.03981544785241941,141
C06,클러스터,1,점검,0.076955049851072,74
C06,클러스터,2,정비하십시오,0.06217654521491279,74
C06,클러스터,3,당사,0.05067189933688208,74
C06,클러스터,4,표시등,0.050622770676564864,74
C06,클러스터,5,차량을,0.04864558512473264,74
C06,클러스터,6,직영,0.04848917436741476,74
C06,클러스터,7,클러스터,0.04553868950885911,74
C06,클러스터,8,메시지,0.04485900947927741,74
C06,클러스터,9,하이테크센터나,0.04459206947645888,74
C06,클러스터,10,경고등,0.04457809027955216,74
C07,편의 장치,1,편의,0.04950083619084896,326
C07,편의 장치,2,도어,0.035680349217157604,326
C07,편의 장치,3,잠금,0.03531341186935582,326
C07,편의 장치,4,버튼을,0.029522561259612147,326
C07,편의 장치,5,키를,0.029169441608678657,326
C07,편의 장치,6,차량,0.027448898514617404,326
C07,편의 장치,7,장치,0.02689193405412126,326
C07,편의 장치,8,스마트,0.026489318803431014,326
C07,편의 장치,9,마십시오,0.025664915499722808,326
C07,편의 장치,10,스위치를,0.02565704191101485,326
C08,시동 및 주행,1,브레이크,0.07197130200417966,179
C08,시동 및 주행,2,페달을,0.05964760493588635,179
C08,시동 및 주행,3,제동,0.05489772024266925,179
C08,시동 및 주행,4,시동,0.052456285746589136,179
C08,시동 및 주행,5,주차,0.0524216826513636,179
C08,시동 및 주행,6,차량이,0.04804714965432139,179
C08,시동 및 주행,7,회생,0.047679805999715184,179
C08,시동 및 주행,8,주행,0.047148215766907794,179
C08,시동 및 주행,9,차량을,0.04006182368807065,179
C08,시동 및 주행,10,밟은,0.03662402900511567,179
C09,운전자 보조,1,보조,0.05988696381630584,363
C09,운전자 보조,2,전방,0.05973474436800069,363
C09,운전자 보조,3,운전자,0.056859158761410615,363
C09,운전자 보조,4,충돌방지,0.05171058060846795,363
C09,운전자 보조,5,경고,0.04096832625269587,363
C09,운전자 보조,6,않을,0.03946895157743308,363
C09,운전자 보조,7,인식,0.03885298711293702,363
C09,운전자 보조,8,제한,0.03853392490803983,363
C09,운전자 보조,9,보조가,0.03755156209436948,363
C09,운전자 보조,10,주행,0.0350466101405167,363
C10,비상시 응급조치,1,타이어,0.09194890598442594,71
C10,비상시 응급조치,2,비상시,0.06858387542973131,71
C10,비상시 응급조치,3,응급,0.059934199275851543,71
C10,비상시 응급조치,4,견인,0.05535251153833799,71
C10,비상시 응급조치,5,실런트,0.052874422866917,71
C10,비상시 응급조치,6,공기압,0.047763251370191356,71
C10,비상시 응급조치,7,처치,0.047749250285032255,71
C10,비상시 응급조치,8,응급조치,0.04758134635400016,71
C10,비상시 응급조치,9,공기압을,0.04368706909237825,71
C10,비상시 응급조치,10,키트,0.04155367768814722,71
C11,차량의 유지보수,1,차량의,0.04042955452394041,152
C11,차량의 유지보수,2,유지보수,0.03625655899780853,152
C11,차량의 유지보수,3,퓨즈,0.033437945453277586,152
C11,차량의 유지보수,4,타이어,0.030041104769581915,152
C11,차량의 유지보수,5,마십시오,0.028385342763290165,152
C11,차량의 유지보수,6,점검하십시오,0.025681208669313938,152
C11,차량의 유지보수,7,교체,0.025543313318497705,152
C11,차량의 유지보수,8,당사,0.02442871987264529,152
C11,차량의 유지보수,9,블루핸즈에서,0.024205686188027452,152
C11,차량의 유지보수,10,와이퍼,0.024178635506712856,152
